gh_username,company,twitter,location
ubugnu,Ubugnu,,Algeria
RAHAMNIabdelkaderseifelislem,No Company,,"Saida,Algeria"
nezlicodes,No Company,rand0m_walk3r,"Algiers, Algeria"
Achour,No Company,,Algeria
SychO9,@flarum,,Algeria
aimen08,Wechalet,AimenMT2,Algeria
AmaraMeh,Arc,,"Bejaia, Algeria"
Younes-Charfaoui,@dscuik,CharfaouiYounes,"Tiaret, Algeria"
samirdjelal,Payd / Click2secure,samirdjelal,Algeria
Edward-NewGate-KOC,No Company,,Algeria
Yasser-Belatreche,No Company,YasserBelatrec1,"Jijel, Algeria"
bkader,Ianhubâ„¢,_bkader,"Djelfa, Djelfa, Algeria"
Kadacheahmedrami,Hawiyat,,algeria
BadreddineZatout,@ Higher School Of<br/>Computer<br/>Science<br/>[<br/>Esi<br/>Alger<br/>]<br/>,B_Note_99,Batna/Algiers - Algeria
pagimos,Digital Bitwave,pagimos,Algeria
abdelillahbel,Sarl Rajafood Industrie,abdelillahbell,Algeria
issam-seghir,No Company,issam_seghirr,Algeria
s77rt,No Company,,Algeria
MedRedha,Head Of Mobile Development<br/>@researchgate<br/>,,"Berlin, Germany / Algiers, Algeria"
0xWerz,No Company,werz0xff,Algeria
Katumbela,@gokside,joao_katumbela,LUANDA
noejunior792,Itel - Institute Of<br/>Telecomunications<br/>,noejunior299,Angola/Luanda
josecaseiro,Musickool Lda,,Angola
overlineink,"Principal Frontend Engineer @<br/>Appy<br/>People,<br/>Co-founder<br/>Of<br/>@businx<br/>",overlineink,"Luanda, Angola"
Nicasiomarques,Interest Protocol,MarquesNicasio,"Luanda, Angola"
iamrosada0,No Company,iamrosada_,ANGOLA
marianoj8,Wasp-ti,,"Angola, Luanda"
EmanuelJoseCandido,No Company,,"Luanda, Angola"
jedin01,Institute Of Telecomunications -<br/>Itel<br/>,jdn_098,"Luanda, Angola"
TheKitumba,No Company,TheKitumba,"Angola, Luanda"
CarlCr,@atlastechnol,carlcr8,"Luanda, Angola"
aurennunes,@spollytech,,Angola
DevDario,Angoway Org,,"Luanda,  Angola"
nuelst,No Company,,"Luanda, Angola"
afonsodasilva1,No Company,,Angola
joel2011140,No Company,joelmarinho2016,Luanda
ivandro-neto,@ucallangola,IvandroNeto2,"Luanda, Angola"
geraldo916,Octogono,Geraldo_Munhika,Angola-Luanda
ithustle,@toquemedia,hackgarcia,"Luanda, Angola"
Dumilson,No Company,,"Luanda, Angola"
treasure567,@trenalyze,treasure_devops,"Benin City, Nigeria"
jocha28,Cerco | Netpro Consulting<br/>|<br/>Rebel<br/>X<br/>,,Cotonou
BOCOVO,@bcv-tech,juste_bocovo,"Cotonou, Benin"
Abdoul-wakilou,Abdev - Freelance,abdev229,"Cotonou, Benin"
ChafikHadjAbdouRazack,No Company,chafik_Hadj,Benin
devalade,No Company,dev_alade,"Cotonou,Littoral, Benin"
asiedu-kev,@djamoapp,ASIEDUJosh1,"Cotonou, BÃ©nin"
webcreation-dev,Adjilan,,"Cotonou , Benin"
Reqima-dev,No Company,,"Benin, Cotonou"
chaldrak,No Company,chaldrakus,Benin
tcisse,Axa-zara,TairouT,Cotonou Benin
etheocledk,No Company,,"Cotonou, Benin"
aploon,Apwebstore,_aploon,COTONOU - BENIN
mariechristsagbo,No Company,sagbo_christ,Cotonou
Tryboy869,No Company,,Benin
TitanSage02,No Company,,Benin
iyosayi0x,No Company,iyosayi0x,"Nigeria , Benin"
julesadonsi,Software Engineer At @wetillix<br/>,jules_adonsi,"Benin, Cotonou"
Nosa-Drexx,@ulesson-education Miva,NosaDrexx,"Benin, Nigeria"
RZeroDev,No Company,,Abomey-Calavi
Chalebgwa,Foresight,ubermensch0401,"Botswana,Gaborone"
kalungia,Imbra,,"Botswana, Gaborone"
BakangMonei,@swiftiq,MoneiBakang,"Gaborone, Botswana"
WyvernPirate,Botswana International University Of<br/>Science<br/>And<br/>Technology<br/>,,"Maun, Botswana"
ChinyangaTL,@africacodeacademy @wholeapp,,"Gaborone, Botswana"
kingbaaitse,"Oratory League, Llc",,"Gaborone, Botswana"
BegangLive,No Company,,"Gaborone, Botswana"
Fuzzworth,@modisar,FuzzFoo,Botswana
Goitseone-Themba,Botswana International University Of<br/>Science<br/>And<br/>Technology<br/>,GoitseoneThemba,Botswana
Tebalo,Digital Fastforward,,"Botswana, Gaborone-Mokobaxane"
Cse21-034,Fountspark Pty Ltd,,Gaborone
DreuDavids,Africacodeacademy,,Gaborone Botswana
kagisopg,Guruweb,,"Gaborone, Botswana"
Ramosai,No Company,,"Gaborone, Botswana"
samuelowilliams,No Company,,"Palapye, Botswana"
AnthonyBeerus,Kaizenic Ai,,"Gaborone, Botswana"
lendershub-dev,@lenders Hub Marketplace,,"Gaborone, Botswana"
samsonmabetho,@modisar,,Botswana
blufox,Right Here,,Botswana
mrdiin,Innovateium (pty) Ltd,mrdiin_dev,Gaborone
a-dera,@geniuskidacademy @club-informatique-i,,Ouagadougou
spwoodcock,@hotosm,,"Ouagadougou, Burkina Faso"
nanaelie,No Company,pyfs_dev,Burkina Faso / Bobo Dioulasso
kulturman,No Company,,Ouagadougou
faso-dev,Declic Africa,fasodev,"Burkina-Faso,Ouagadougou"
ao627515,Odg Enterprise,,"Ouagadougou, Burkina Faso"
rxzkie,No Company,,"Ouagadougou, Burkina Faso"
BoukaryDiallo,No Company,boubakarpi,"Ouagadougou, Burkina Faso"
serge-eric-kalaga,Ticanalyse,,"Ouagadougou, Burkina Faso ðŸ‡§ðŸ‡«"
Tiama01,No Company,TiamaBernard,"Ouagadougou, Burkina Faso"
maarazak,No Company,,Ouagadougou/1200 logements
Assime23,Campusfaso,,"Ouagadougou, Burkina Faso"
Shazam72,No Company,JFrancois_Zouba,"Ouagadougou, Burkina Faso"
wendkuni90,No Company,,Ouagadougou
adamsoro0321,No Company,,"BURKINA FASO  , Ouagadougou"
rikudosama,Taariam Technologie,rikudosama,"Ouagadougou, Burkina Faso"
YaroEmmanuel,Yaangre Tech,,Ouagadougou / Koudougou
ofernand21,Vision Innov,ofernand21,Ouagadougou
Rafik226,No Company,,"Burkina Faso, Kadiogo, Ouagadougou"
okcid92,No Company,,Ouagadougou
arsou2015,Exec,,Burundi
allyelvis,@aenzbi,AllyElvis1,Burundi
Blaise28,Magis Fintech Solution,,Burundi/Bujumbura
EdgarEldy,@accenture,EdgarEldy,"Bujumbura, Burundi"
Evran0,Riha Telecom,,"Bujumbura,  Burundi"
INGANZAMARUMPU,Hogitugende,inganzamarumpu,"Bujumbura, Burundi"
chriscedrick,No Company,,"Bujumbura,Burundi"
kiddocoder,From Home,coderkiddo,"Bujumbura, Burundi"
sgenlecroyant,Asyst Resources Ltd,sgenlecroyant,Bujumbura Burundi
JovinMtl,Self-employed,Mtl_Thierry_Jov,"Bujumbura, Burundi"
jeremylanes,Lane Industries,switchlane3,Bujumbura
EloM28,No Company,,BURUNDI
TonyBimenyi,@hogiburundi,bimenyimana_b,"Bujumbura, Burundi"
tertcoder,Mediabox,bon_tertius,"Bujumbura, Burundi"
Ndikuma,No Company,AdnesNdiku10883,Burundi
dukizwe,Mediabox,dukizwee,Bujumbura
NIMPAYE,@ubuhingavizion,,Burundi
mugar,No Company,,Burundi
muco-rolle,Leapa,mucotreso,"Bujumbura, Burundi"
ArtcalO,@ksquad,ArtcalO97,"Bujumbura, BURUNDI"
Novus-Tech237,Novus Technologies,,"Yaounde, Cameroon"
momo-87,Full-stack Developer,Momo_yde,Cameroon - Yaounde
chojuninengu,Clemios,chojuninengu,Cameroon
OkonoWil,@wetell-africa  @jeunesmentors @sylvanacare<br/><br/>,OkonoWilfried,"Douala,Cameroon"
Tomdieu,Trixgroup,navicorp_,Cameroon
itzomen,Traleor,itz_omen,"Buea, Cameroon"
ln-dev7,@mus-inn,ln_dev7,Cameroon
bpsmartdesign,@think-dev-io,bpsmartdesign,"YaoundÃ© - Douala, Cameroon"
BorisGautier,"@gpchat-platform, @geosmfamily",Boris_Gauty,"Douala,Cameroun"
mzirkof,No Company,mzirkof,"Douala, Cameroon"
Nkwenti-Severian-Ndongtsop,No Company,n_severian,"Cameroon, Bangangte"
andrew21-mch,@skye8-tech @city-solutions @kimbo-lingo <br/>,nfonandrew73,bamenda
Ojay01,Amene Academy,OjKellyKingston,Douala Cameroon
karimalik,@workify,KKompissi,"Douala, Cameroun"
clintjeff2,Landmark Technologies / Zenva<br/>Tech<br/>,,Buea - Cameroon
bossadizenith,No Company,bossadizenith,"Cameroon, Yaounde"
NyuydineBill,Zilotech,BillNyuydine,Cameroon
Level237,Freelancer,LevelBrams,Douala-Cameroun
ndemeyvan,No Company,ndemeyvan,Douala/Cameroon
moforemmanuel,No Company,Mofor_Emmanuel1,"Bamenda, Cameroon"
adoumouangnamouemmanuel,Ashesi University,,Chad
Sanusihassan,No Company,,Chad
mittb1g,No Company,,Chad
Djerade,No Company,,Chad
sulzokeboulin,No Company,,"West Joshuaburgh, Chad"
mahamat-ali,Anavatech,terapfils30,"Ndjamena, Chad"
Abdelkerim516,No Company,,N'djamena
doudouabdoulaye,No Company,,"Tchad, Moundou"
malachieborohoul,No Company,malachiborohoul,Chad
SanaaBH7,No Company,,Chad
DaneX3089,Google,,chad
DevItnene,No Company,,N'Djamena - Tchad
Kakaymi10,No Company,,"NDjamena, Chad"
Mbaigo,Thtc,,N'Djamena
OneMusty,No Company,,Chad
Roukhaya,No Company,,N'djamena
Aingo2003,No Company,,Tchad-n'djamena
youssoufgao,No Company,,N'djamena
borkounou,Mahrasoft  Innovations,borkounou,"Ndjamena, Chad"
koubra-gaby,No Company,KoubraG63161,Chad
kalemadaniel,Ulb Cooperation,KalemaDaniel2,"Democratic Republic of the Congo, Goma"
baruka99,Upperz,david_baruka,"Congo, Kinshasa"
Merite15,No Company,,"Brazzaville, Congo"
Cesar008,Cesoentreprise,CesarLouzala,Congo
BIZ4Africa,Business Solutions For Africa<br/>,,"Lubumbashi, RÃ©publique DÃ©mocratique du Congo"
GedeonTS,@evoludata,Gedeon191,"Goma, DR Congo"
Holsonmp,@holduix,Holsonmp,"Kinshasa, Congo CD"
TeddyCubaka,@woubou,tedblymks,"Kinshasa, Democratic Republic of the Congo"
esaiemuhasa,No Company,esaiemuhasa,"R.D. Congo, Butembo"
josiasDjo,Djodev,,"Goma, DR Congo"
bruxx-6243,@akieni-tech,bryan_6243,Brazzaville - Congo
guillainbisimwa,Freelance Full-stack Developer,gullain_bisimwa,Democratic Republic of the Congo
bienfaitshm,No Company,bienfaitshm,lubumbashi/ Republic democratique of the congo
FimboIsso,Issonet Inc.,IssoFimbo,"Beni, Democratic Republic Of Congo"
hamswaldenkv,No Company,hamsddxn,Congo Kinshasa
Tresor-Kasenda,@devscast | @tresorkasenda,TresorKasenda,Lubumbashi - Rd Congo
glody007,No Company,,Lubumbashi City in the Democratic Republic of the Congo
pbokolo,No Company,,"Beni, Congo DR"
DestinBir,"Code, Growth Alive",DestinBir,Congo Kinshasa
Meschacirung,@tailus-ui,MeschacIrung,Democratic Republic of Congo
Sheekovic,Sheeko Production,Sheekovic,Egypt
3bsalam-1,Suez Canal University,3BSALAM_1,"Ismailia, Egypt"
MarcoFekry,No Company,,Egypt
moelzanaty3,Engineering Manager @ Vodafone<br/>,moelzanaty3,"Cairo, Egypt"
fadyehabamer,No Company,fadyehabamer,Egypt
AbdelazizSoliman,Microverse,Abdelaz21958317,"Egypt, Assuit"
Saifallak,@aquadic,,Egypt
CodeNKoffee,No Company,h4temsoliman,"Cairo, Egypt"
AhmadIbrahiim,No Company,,Cairo
abd3lraouf,@gettimewarden,,Egypt
mohammed-bahumaish,Buildpilot.ai,,"Cairo, Egypt."
maherelgamil,@msaaqcom,maherelgamil,"Cairo , Egypt"
AhmedElTabarani,No Company,,"Al Arish, North Sinai, Egypt"
doaa10,Salamdev,,alexandria egypt
maxzod,@sitmena,maxzod66,"Mansoura , Egypt"
mo7amed4a,No Company,,"Mallawi , Elminya , Egypt"
G0maa,Wisemen,,Egypt
Abdullah4345,Elsewedy University Of Technology<br/>,,"Cairo, Egypt"
khaledhosny,Alif Type,,Cairo
AbdallahHemdan,@instabug,AbdallahHemda17,"Cairo, Egypt"
abela12,@gashadigital @siltawi,,"Ethiopia , Addis Abeba"
mohammedsbd,No Company,,Addis Ababa
shambel-amare,Tworobots Universe,shambelamare21,"Addis Ababa, Ethiopia"
tokukiyu,Quantumkit,,Addis Ababa
Micky373,Upwork,,"Ethiopia, Addis Ababa"
TibebeJS,No Company,,Ethiopia
filiksyos,Bahirdar Universty,filiksyos,Ethiopia
adilmohak,Hulugram,adilmohak1,"Addis ababa, Ethiopia"
natnaeln4d,No Company,natnaeln4d,"Addis Ababa, Ethiopia"
Fitsumhelina,@tetercreatives @techtonic-tribe,,Addis Ababa
melaku-z,No Company,,Ethiopia
anon381,No Company,,Ethiopia
yeab-B,@techtonic-tribe <br/>@tetercreatives<br/>,,Addis Ababa
Benomi,No Company,,"Addis Ababa, Ethiopia"
Akuna444,No Company,,Addis Ababa
ba5liel,@knovuslab,basliel16,"Addis Abeba, Ethiopia"
degagawolde,Ethiopian Artificial Intelligence Institute<br/>,irraaangorree,"Addis Ababa, Ethiopia"
tinsaye-simeneh,Ablaze Labs | The<br/>Flex<br/>,,"Addis Ababa, Ethiopia"
Son-OfAnton,Addis Ababa University,a_d_m_a_s,Addis Ababa
SemereT627,No Company,Semere627,Addis Ababa
Joeboy77,No Company,,"Accra, Ghana"
sedegah,@codecadence,heiskimathi,Ghana
KelvCodes,Bytebao,,Accra
Aristocratjnr,One Africa Market,,"Accra , Ghana"
Khoby-790,No Company,bhra_khoby,"Accra, Ghana"
austinbediako,@volteryde,kaeytee_,"Accra, Ghana"
mkhstar,No Company,mkhstar,"Kumasi, Ghana"
danieladeabah,Amalitech,,"Takoradi, Western Region, Ghana."
KAsare1,No Company,,"Tema, Ghana"
felixyeboah,Complete Farmer Llc,sudocode_,"Accra, Ghana"
jaedag,@codefoundry-dev,jd_addy,"Accra, Ghana"
DreKwasi,Vaux,,"Accra, Ghana"
noelzappy,Noelzappy.dev,noelzappy,Ghana
Burkifa23,Ashesi University,burkifa23,"Ghana, Accra"
maxwellkwarteng7,Sabonay Technologies,,Ghana
Mmabiaa,Tech-by-mmabiaa,mmabiaa,Ghana
okraks,No Company,okraks,Accra Ghana
Raymond-ap,@asaseos,,"Ghana, Accra"
qbentil,@uploader-africa,themanbentil,Ghana
bamtak,African Institute For Mathematical<br/>Sciences<br/>(aims)<br/>,,"Accra, Ghana"
amdefiguy,No Company,,Kenya
codeabuu,Freelancer(remote),,Kenya
iVGeek,Wâˆ†kâˆ†ndâˆ†,,Kenya
mikeyhodl,@weknow-io @gadgetsmagke @weknow-finance @amdefiguy<br/>,mikeyhodl,Kenya
codenvibes,No Company,Terrence_tech_,"Nairobi, Kenya"
NexusGKSoftwares,Ceo & Founder Of<br/>@nexusgk<br/>Softwares<br/><br/>,nexus_gk,Nairobi Kenya
Mathenge-Alex,No Company,,"Nairobi, Kenya"
fbiego,Lvgl Kft @lvgl,fbiego_,Kenya
xhclintohn,Toxic_tech,,Kenya
nejidevelops,Microverse,NewtonOmbese,Nairobi
EvansRobbie,No Company,e_robbievans,Nairobi
omololevy,| @cotechie-org | @kiungor<br/>|<br/>@armjscom<br/>|<br/>@utawala<br/>|<br/>@chesslablab<br/>|<br/>@masen0university<br/>|<br/>,kaylor254,"Nairobi, Kenya"
Baraka-Mulumia,Mshindi Creations,barakamulumia,Kenya
Judiciousmurich,No Company,,"Nairobi, Kenya"
willymwai,No Company,mwai_william,"Nairobi, Kenya"
MillerAdulu,Frog Technologies (@frogtechnologies),MillerAdulu,Nairobi
MachariaP,No Company,_M_Phinehas,"Nairobi, Kenya"
graham218,The Peacemakers Llc,grahambill011,"Donholm, Nairobi, Kenya"
programmingChiira,Tpping,DennisChiira,Kenya
MartMbithi,@devlansolutionsltd | @makueni-county-ict- |<br/>@naidevopscom<br/>,martinezmbithi,"Nairobi, Kenya"
mgcodeur,"Paneramg, Mgcodeur",mgcodeur,Madagascar
tiavina-mika,Freelance,,"Antananarivo, Madagascar"
JohanaMisaela,No Company,,"Antananarivo, Madagascar"
mianala,Loha.dev,mia_loha,Madagascar Antananarivo
elsy-sc,It University,,Madagascar
josoavj,@apexnovalabs,j_Josoa,"Antananarivo, Madagascar"
marioshaya,Icecreamswap,marioshaya,"Ambovombe Androy, Madagascar"
radonirinamaminiaina,Saha Technology,,"Antananarivo, Madagascar"
Xpirix,No Company,Xpirix3,Madagascar
branGitfox,Bailti,,"Antananario, Madagascar"
HarenaFiantso,Haute Ã‰cole D'informatique -<br/>Hei<br/>,HarenaFiantso,Antananarivo
tonymushah,No Company,tony_mushah,Anosy Avaratra - Madagascar
nomenarkt,No Company,nomenatheone,Madagascar
Emii-lia,No Company,,Madagascar
Tiavina22,No Company,,"Antananarive, Madagascar"
jimrjboys,Meta-build.fr,,Antananarivo
andostronaut,No Company,andostronaut,"Antananarivo, MG"
Dokja620,Ohayo Dev&design,,"Madagascar, Antananarivo"
tsirysndr,@fluentci-io,tsiry_sndr,Antananarivo / Madagascar
garryismael,No Company,,Antananarivo
kachaje,No Company,,"Lilongwe, Malawi"
dnlmgwi,@newwave-group,,Malawi
winstonmhango23,No Company,winstonmhango23,Malawi
dthyolerak,Infi-tech(infinity Technologies Inc) @infinitycodemw<br/><br/>As<br/>Well<br/>As<br/>@talents2germany<br/>,,Malawi
markulaya2,@creditdatamw,,"Blantyre, Malawi"
CliffordMarley,Maziko Financial Technologies Limited<br/>,,"Area 47, Lilongwe, Malawi"
OnionsMakeYouCry,Paychangu,,Malawi
EvanieWares,Evaniewares,EvanieWares,Malawi
madzalo,No Company,,Malawi
caesar127,Paychangu,,Malawi
prow57,Imosys,,Malawi
PatienceBond,Findlink,,"Malawi, Africa"
hopekali04,No Company,,"Blantyre, Malawi"
uniquedj95,Elizabeth Glaser Pediatric Aids<br/>Foundation<br/>,uniquedj95,Blantyre Malawi
calmwalija,No Company,,"Malawi, Lilongwe"
Bright-Phiri,@malawi-revenue-auth,,"Lilongwe, Malawi"
dominickasanga,No Company,,"Mzuzu, Malawi"
Bernard411,Wavetech Malawi,,lilongwe malawi
petroskayange,@kuunika @lukeinternational @egpafmalawihis @hismalawi<br/>@doxdevops<br/><br/>,,Malawi
Sam-Banankhu,Pandas,,Malawi
flyBoy667,Logic Fly,,Bamako-Mali
sudoping01,....,,Bamako
Abbv75,Horizonfuture,,"Bamako, telecel GBS"
AbduRahmanS,@doninya,AbduRahmanSb,Bamako
ibrahimkelly,Thl Technologies,ibrahimkelly99,Mali
kdiawara96,No Company,karimdiawara96,"JX4X+QX9, Bamako"
MrSakine,No Company,mr_sakine,Mali
yacouba01,Thl Technologies,riyuk_1,Mali
AmadouDiadie95,Doninya Inc.,,Bamako-Mali
Alhoussen,No Company,,"Bamako, Mali"
rgaudin,YÉ›lÉ›man,,"Bamako, Mali"
IvinoDev,No Company,,"Mali, Bamako"
Pelpav,No Company,elpav2022,Bamako
bahamasangare,No Company,,MALI
geekdjenika,@thltechnologies,geekdjenika,Bamako
Plasm05280,No Company,,Bamako
mandjou-dama,No Company,Mandjou_JS,"Bamako, Mali"
Dayifour,No Company,Dayifour,"Bamako, Mali"
elvirasng,No Company,,Mali LoÅ¡inj
fadiga,Fad Global Services,ibfadiga,"Bamako, Mali"
medsabbar,@ibtikar-technologie,,"Nouakchott, Mauritania"
oumarhadrami,No Company,mohamed_hadramy,"Nouakchott, Mauritania"
OussamaTeyib,No Company,,"Nouakchott, Mauritania"
iyehah,No Company,iyehah,Nouakchott
BechirAhmed,No Company,,"Nouakchott, Mauritania"
hkairi,No Company,_hkairi,Nouakchott | Dakar | Casablanca | Paris
babasahi,Hrflow.ai,BabeSalehDahi,"Nouakchott, Mauritania"
mohamdi,No Company,,Mauritania
bechir,@neo-tic,,Mauritania
demanhamed,@ajbarly,,"Nouakchott, Mauritanina"
SheikhElMoctarG,No Company,SheikhElMoctar,Mauritania
Kader198,Smart Ms,MaguisKader,MAURITANIA
khalef-khalil,No Company,,Mauritania
myeljoud,Next Technology,myeljoud,"Nouakchott, Mauritania"
SidA7MD,Supnum,,Nouakchott
ahmed-abdat,Rimecode,,mauritania nouakchott
ghalass,No Company,,Mauritania
MedAb94,Joujou Services,,Nouakchott
LhacenMed,No Company,,"Nouakchott, Mauritania"
HarounaTraore,D-xperts,,Nouakchott
nyashaChiza,Endframe,,"Port Louis, Mauritius"
zfir,@sharinpix @spoonconsulting @zfir-dev <br/>,zafirsk_,Mauritius
mathews-chiza,Accenture,,"Quatre Bornes, Mauritius"
martinratinaud,Nice Coder,martinratinaud,"Tamarin, Mauritius"
youhackme,No Company,,Mauritius
DJoyekurun,No Company,,Mauritius
k3ii,@ringierimu,,Mauritius
w1am,No Company,,Mauritius
BghinC,@the-ring-io & @mobiten,bghinc,Mauritius
DONALDBZR,Mips It Solutions Ltd<br/>,,"Moka, Mauritius"
BarbUk,@oceandba,,Mauritius
smissaertj,@kinsta,,Mauritius
cbillowes,Cloudsure Limited,,Mauritius
cedpoilly,No Company,,Mauritius
rohan-bhautoo,No Company,,Mauritius
redfadil,No Company,,Mauritius
MrSunshyne,Livestorm,__sun__,Mauritius
percymamedy,@assurdeal @laravel-moris @interfaceable @upmeetly<br/>,percymamedy,Port Louis Mauritius
asvinb,@10up,,Mauritius
masterdubs,@starkleytech,mast3rdubs,Mauritius
EL-HOUSS-BRAHIM,No Company,Brahim_EL_houss,Morocco
yoeunes,No Company,yoeunes,"Marrakech, Morocco"
seuros,Open Source Contributor,seuross,"Tangier, Morocco"
zKhadiri,No Company,,"Casablanca , MA"
Mohammedcha,Re-skinning Grp,,Morocco - Casa Lbayda <3
xDweeb,No Company,elyakoutiweb,Morocco
AmineSoukara,Damien,,"Fez, Morocco"
issamElkhadirYC,No Company,issam_elkhader,Rabat
fahdaguenouz,01 Talent,,Morocco
chaqchase,No Company,chaqchase,Morocco
amaitou,42 Network,amait0u,Morocco - Casablaca
eoussama,Ntt Data,OussamaEssamadi,Morocco
ansezz,Tekency,ansezz,"Meknes, Morocco"
Ajjig,/dev/null,4jjig,Morocco
ayoub-ahnaou,Youcode,,"meknes, morocco"
walidbtz7,@prestigia,,Morocco
yezz123,Yezz Llc.,0xyezzz,Morocco
abdenassar01,Compiledideas,nassardev01,"Tanger, Morocco"
YounesBousfiha,No Company,,Morocco
faissaloux,No Company,faissaloux,Morocco
caf-3,No Company,,Mozambique Maputo
dalinezequiel,No Company,,"Maputo, Mozambique"
abelcumbane,No Company,abelrosac,Maputo
KelvenCassamo,"Bivdev, Lda",,"Maputo, Mozambique"
YMatique,Dintell,YMatique,"Beira, MoÃ§ambique"
Isco170,Instituto Superior De ComunicaÃ§Ã£o<br/>E<br/>Imagem<br/>De<br/>MoÃ§ambique<br/>(iscim)<br/>,,Maputo
reizen-desu,No Company,reizen_desu,"Maputo, Mozambique"
SozinhoLuis,No Company,,"Beira, Sofala, Mozambique"
abel-banze,Matcomp Erp,,Maputo - Mozambique
AghastyGD,"Grupo Mesquita, Sa",,"Beira, Sofala, Mozambique"
Edsonjorgef1,@equip-mozambique,,"Mozambique, Sofala, Beira"
Uanela,Grupo Mesquita Sa,,"Beira, Sofala, Mozambique"
bboa3,@cym3,,MoÃ§ambique/Maputo
gabrielmjr,No Company,GabrielMJ_2005,Maputo/Mozambique
PauloPhagula,@factorialco,,"Maputo, Mozambique"
joseseie,"Explicador Inc, Lda.",,"Maputo, Mozambique"
leliocossa,No Company,leliocossa,"Mozambique, Maputo"
IvanBila,@bazara,,"Maputo, Mozambique"
200501012,No Company,,"Mozambique,Maputo"
j7macuacua,Stilldev Corporation,,Maputo
asenmwa,No Company,asenmwa,"Windhoek, Namibia"
axelmukwena,@daaily @meyabase @silosset,axelmukwena,Namibia
mou-rush,No Company,,"Swakopmund, Namibia"
lothartj,@daaily,,Windhoek
DevJHansen,@identitytoday,,Namibia
Jason-Mendes,Daaily,,Namibia
Sylver11,@daaily,JustusVoigt,"Windhoek, Namibia"
DeclanRiedel,No Company,,"Walvis Bay, Namibia"
FearTheBeard95,@daaily,,"Windhoek, Namibia"
Eckhardt-D,Kaizen Media,eckhardtdreyer,Namibia
m-spangenberg,No Company,,"Walvis Bay, Namibia"
tnaffh,No Company,,"Windhoek, Namiabia"
rolandihms,@ihms-co,rolandihms,"Swakopmund, Namibia"
frans-nekongo,@absynth-tech,,"namibia,Africa"
Kacelo,Daaily Software Engineering Pty<br/>,KaceloVernon,"Windhoek, Namibia"
TulongaHishiko,@colabnam,,Namibia
Simaneka,Varde At Work,varde_daniel,"Windhoek, Namibia"
GeronimoKTT,@taxiconnect-na,,Namibia
geraldokandonga,Holoog,,"Windhoek, Namibia"
Moudjuu-averly,Loop Technologies,,Windhoek
usmansbk,Andela,Babakolo_Usman,"Kaduna, Nigeria"
Elishaokon13,No Company,defidevrel,Nigeria
elcharitas,@alphadayhq | @ngyn-rs,iamelcharitas,"Abuja, Nigeria"
profmcdan,@prunedge-dev-team  @zonetechpark,danielale9291,"Lagos, Nigeria"
boxpositron,@boxmarshall,boxpositron,Nigeria
nathfavour,No Company,nathfavour_,Nigeria
devhammed,@verbalate,devhammed,"Ibadan, Nigeria"
newtonjob,No Company,_newtonjob,"Lagos, Nigeria"
David-patrick-chuks,No Company,david_patrick01,"Lagos, Nigeria"
I-am-abdulazeez,Startup: Ibrid,dev_azeez,"Lagos, Nigeria"
PeaceOloruntoba,Vredester Inc,PeaceEdgeTech,"Lagos, Nigeria"
heyrapto,No Company,heyrapto,Nigeria
victoroab,No Company,,Lagos/Nigeria
damms005,Iq+,_damms005,Nigeria
Ayobami6,No Company,ayobamialaran,"Lagos, Nigeria"
Timonwa,No Company,timonwa_,"Lagos, Nigeria"
kalejaiyeoluwadara,Xown,,Nigeria
Joshuafolorunsho,No Company,joshfolorunsho,Lagos
AbdullahiAbdulkabir,No Company,abdullahiCap,Lagos
opeolluwa,@tranqbay,_opeolluwa,"Abeokuta, Nigeria"
kajugadaniels,Nexcode,,Kigali Rwanda
Krasivaya,No Company,,Rwanda
mbonikev,No Company,,"Kigali City, Rwanda"
FistonSphere,Marchal Real Estate,SanoFiston,Rwanda
TresorRw,@healthconnect-uk,TresorRw,"Kigali, Rwanda"
meyoramu,No Company,,"Kigali, Rwanda"
leandre000,Echosols  | Loxotech<br/>|<br/>Rca<br/><br/>,shema_Leandre,"Kigali,Rwanda"
derrick-nuby,@hisprwanda,derricknuby,Kigali-Rwanda
ub-victor,No Company,victoire371,"Kigali, Rwanda, DR Congo"
Aurumdev952,Atomiq,,Rwanda
niyomugaboetiene,No Company,Niyomugabo_250,Bugesera Rwanda
Ernor1,No Company,RUKHonore,Kigali Rwanda
iAmNsengi,Keyypress,,"Kigali, Rwanda"
rugema3,Remmittance Llc,alexrugema,"Kigali, Rwanda"
Munyangeyoelie,Ngeyo Company,,Rwanda
ProgrammerDATCH,@gokabisa,ProgrammerDATCH,Kigali Rwanda
hirwacedric123,@tech-volve,Quadrant_c,Kigali
coolbeatz71,@bestseller,coolbeatz71,"Congo, Rwanda"
Ronnie5562,Inversepay,AbimbolaRonald,"Kigali, Rwanda"
thepreakerebi,Allpeep,the_preakerebi,"Kigali, Rwanda"
traorecheikh,@teksi-inc @404-notfound-org @tyvaaservices <br/>,HanoWhisper,"dakar, senegal"
IbrahimaTall,National Agency Of Statistic<br/>And<br/>Demography<br/>,IbrahimaTall_SN,"Dakar, Senegal"
jmndao,Caytu,,Senegal
Mahmoud-Barry,No Company,sultane221,Dakar
exaucae,No Company,exaucae,"Dakar, Senegal"
lucien-loua,@ouestlabs,luu_loua,"Dakar, Senegal"
mamadou-wone,No Company,mamadu_wone,Dakar/Senegal
RBen19,No Company,,"Dakar, Senegal"
flrxnt,@arcopsn,,"Dakar, SÃ©nÃ©gal"
i2sac,Zone01 Dakar,okinobal,"Dakar, Senegal"
sibylassana95,Sibyglobal,sibyog13,Senegal
fassane,No Company,fassane_,"Dakar, Senegal"
eliusxpol,@efficity,eliusx,Senegal
JAC0164,No Company,jaco_164,"Dakar, Senegal"
Alkaly02,Kappar Sasu,alkaly_badjii,Suisse - Senegal
MiceBishop,Weego Mobility Lab,mice_bishop,"Dakar, Senegal"
Denver-sn,Dexchange,Denver_sn,"Senegal,Dakar"
niangamadou888,No Company,,"Saint-Louis, Senegal"
Kepsondiaz,No Company,Diazkepson,"Dakar, Senegal"
domutala,@advensya,,"Dakar, SÃ©nÃ©gal"
Mevizcode,No Company,DavidCole_24,"Freetown, Sierra Leone"
walonCode,Wj,,Freetown
EmmanuelKeifala,No Company,,"Freetown, Sierra Leone"
BarrieLAJ,"@monimesl , @monime-lab <br/>",Abarrie_potter,"Freetown, Sierra Leone"
Mmah-Zombo,Korlie Limited,zombo_mah,"Wilberforce, Freetown."
butagreeza,Byte Limited,,Freetown. Sierra Leone
Jahrulo,No Company,,"Freetown, Sierra Leone"
medal007,Medal Techie,,"No 43 Soldier Street Freetown, Sierra Leone"
pythonnelson,Cio And Founder Of<br/>Oversight<br/>Innovative<br/>Technologies<br/>,pythonnelson,Freetown
Dennis2340,@geneline-x,,Freetown Sierra Leone
abdullah4tech,@geneline-x | @dropx-labs |<br/>@n8bird-oss<br/>,abdullah4tech_,"Freetown, Sierra Leone."
mmsesay,Fusesl,DeeMaejor,"Freetown, Sierra Leone"
Dumbuya1475,Tech Inspire Sl,msdumbuya1475,Freetown-Sierra Leone
Emmie05,No Company,EmmForster,"Freetown, Sierra Leone"
khat-19,Universal Tech Hub,MawuliahMansar1,Freetown Sierra Leone
AlphaDumbuya,No Company,AlphaDumbuya7,"Freetown, sierra Leone"
ssturay,"Fourah Bay College (fbc),<br/>University<br/>Of<br/>Sierra<br/>Leone<br/>(usl)<br/>",,"Freetown, Sierra Leone"
Leonardo14406,No Company,,"Freetown, Sierra Leone"
davidddeveloper,No Company,_david_conteh,"Freetown, SierraLeone"
rolandeke,Imo Tech Solutions,EkeRoland,"Freetown, Sierra Leone"
dbfx,@join-panda,,"Johannesburg, South Africa"
snopoke,@dimagi,snopoke,Cape Town
V-FOR-VEND3TTA,Big O Media,imgeorgebest,"Johannesburg, South Africa"
CarlaLlama,"Orca Fraud, Inc.",,"Cape Town, South Africa"
czue,"Saas Pegasus, Dimagi",czue,"Cape Town, South Africa"
JasonTame,@offerzen,,"Cape Town, South Africa"
KellanStevens,Tripco,,"Cape Town, South Africa"
marcusinthesky,Solenya-aiaas,marcusinthesky,"Cape Town, South Africa"
Linf0rd,No Company,,"Johannesburg, South Africa"
kialanpillay,Stitch Money,,Cape Town
itskingori,Zappi,itskingori,"Cape Town, South Africa"
skibz,@io-digital,,"Cape Town, South Africa"
adrianmoisey,Salesloft,,"Cape Town, South Africa"
knightspore,No Company,parabyl,Cape Town
Executioner1939,No Company,,Cape Town
wkirschbaum,Floatpays,,"Cape Town, South Africa"
mauriceLC92,Yellow Card Financial,,"Cape Town, South Africa"
davidteren,No Company,davidteren,"Cape Town, South Africa"
bradleymarques,@haikucode-dev,,Johannesburg
longhotsummer,@laws-africa,,"Cape Town, South Africa"
hacktolove,Sudan News Agency -<br/>Suna<br/>,,Sudan
mustafa-online,No Company,,"Khartoum, Sudan"
star4droid,No Company,,Sudan
AminOmer,Sudan University Of Science<br/>And<br/>Technology<br/><br/>,AminOmerM,"Khartoum, Sudan"
alsir,No Company,,"Khartoum , sudan"
abdosaeedelhassan,No Company,abdosaeedtweet,"Al-Thawrah H 19, Omdurman, Sudan"
EMAD77,No Company,KingofMENA,Sudan
Almandeel,Khlel,moeznew,Sudan
wali-eldin-hassan,Tamkeen Technology,cre_al,Sudan
TheYass1n,No Company,TheYass1n,Sudan
Bakrialtaif,Kashta,bakriatlaif,Sudan
harranali,No Company,harran_ali,Sudan
MohdMuslim92,No Company,MohdMuslim92,Sudan - Khartoum
riek27,No Company,,"Juba, South sudan"
Moe-Baker,No Company,,Sudan-Khartoum
3li-3bdullah,Injaazy,AliAbdullah49,Sudan / Khartoum
hamoda-dev,@morph-sa,hamoda_dev,Sudan
Ahmed-Alkhatim,Inovar,,Sudan
osmanabdelsalam,Taawuniya Insurance Company,osman_abd,Sudan / Khartoum
asimsharf,Sudagoarth Co.ltd - Ø³ÙˆØ¯Ø§ØºÙˆØ±Ø«<br/>Ø§Ù„Ù…Ø­Ø¯ÙˆØ¯Ø©<br/><br/>,asimsharf,Sudan
KaReeeeeeeeEM,University Of Dar Es<br/>Salaam<br/>,,"Dar-es-salaam, Tanzania"
tacheraSasi,Ekilie,,Dar es salaam
tarxemo,Tarxemo,,Dodoma-Tanzania
kwayummari,No Company,,"Tanzania, Dar es Salaam"
pro-cms,Zepson Technologies,,TANZANIA
CodeWithCrescent,No Company,,"Dar es Salaam, Tanzania"
AK1239,No Company,_akil_khatri,"Dar es Salaam, Tanzania"
TheSimonSays,No Company,,Tanzania
FrugenceFidel,No Company,frugencefidel,Tanzania
Raj067,Minfoxy Technology Company,rajabumrisho69,"Tanzania, Dar es saalaam"
andylamax,Asoft Limited,andy_lamax,Tanzania
islandkid-20,@appziro,,"Dar Es Salaam,Tanzania"
isaacadam25,No Company,,Dar-es-salaam Tanzania
nnkogift,@hisptz,nnko_gift,"Dar Es Salaam, Tanzania"
Is-haka,No Company,dev_ishaka,"Arusha, Tanzania ðŸ‡¹ðŸ‡¿"
gernest,No Company,,"Arusha, Tanzania"
T4z4r,No Company,,Tanzania
efron07,Brain Tech Inc,damascoefron,Dodoma- Tanzania
luqmantuke,Tuke Solutions,tuke2911,Dar-es-salaam Tanzania
zekgyn,Passkago Limited,,Dar es Salaam
haythemgalelem,No Company,haythem_galelem,Tunisia
thevpc,Core Techs Solutions,,Tunisia
MohamedBechirMejri,No Company,0x4D424D,Tunisia
AzizBenIsmail,@dar-blockchain,,"Tunisia, Djerba"
jaafar-harabi,Day Truck,Jaafar_harabiii,Tunisia
safwendammak,Freelancer,,Tunisia
siguici,@sikessem,siguici,"Nabeul, Tunisia."
amine-y,@axelites,,Tunisia
khchine5,No Company,khchine5,World citizen / Tunisia
HijenHEK,@inspark-connect,HijenHEK,Tunisia
FirasKahlaoui,Higher Institute Of Computer<br/>Science<br/>(isi)<br/>,firas_kahlaoui,Tunisia
moataz-hjaiji,Masar,,tunisia
chadiayari,No Company,,"Nabeul, Tunisia"
iheb-sebai,Massar,,Tunisia
boubaker,Exo Platform,,Tunisia
marwaniiwael18,No Company,,"Ariana, Tunisia"
FirasLatrech,Softylines,,Tunisia
Hiviexd,@ppy,,Tunisia
ayoubbuoya,@dar-blockchain,ayoub__amer,Tunisia
zied-snoussi,Bysur,ziedalsnoussi,Tunisia
alsong,No Company,,"Kampala, Uganda"
kallyas,@solitontelmecuganda,kallyasl,Uganda
GenoJ83,No Company,,Kampala
John4650-hub,@gamered,jdevoc,Uganda kampala
Wanfadger,Https://github.com/b,wanfadger,"Kampala , uganda"
kashua14,@chartrflex @uganda-christian-un,joshkasasira,"Kampala, Uganda"
Kasuletrevor,No Company,KasuleTrevor,"Kampala, Uganda"
judeotine,No Company,Judeotine,Uganda
MartinKalema,Aibos,,"Kampala, Uganda."
Tagoole,Free Lancer,,Kampala
amkayondo,@opensource-now @open-nux @nuxjs @wearedelovery<br/>,kayondoedward,"Kampala, Uganda"
arafats1,Mobiklinic,,"Kampala, Uganda"
Tibz-Dankan,No Company,TibzDankan,Kampala/Uganda
Baalmart,No Company,,Kampala
marvins56,No Company,,Kampala( Uganda)
paulobunga,Feza Cloud Solutions Llc<br/>,,Kampala UG
mdrdavid,Techvilage,Mdrdavid2,Uganda East Africa
Williamug,@nugsoft,WilliamAsaba,"Kampala, Uganda"
slubambo,Uganda Christian University,syLubambo,Uganda
OchiengPaul442,@airqo-platform,OchiengTech,Uganda
TamaniPhiri,Tamatech,,lusaka Zambia
DamianoSilverhand,@good-nature-agro,,"Lusaka, Zambia"
marksikaundi,@lupleg,Alisikaundi,Zambia
S4INT25,No Company,,lusaka zambia
SamWaku,Student,,"LUSAKA, ZAMBIA"
aubreyzulu,@bongohive,,"Lusaka, Zambia"
ngalande,No Company,,"Lusaka, Zambia"
Mwalek,@inpsyde-global-serv,mwale_and_sons,"Lusaka, Zambia"
ericknamukolo,@lassod-consulting,erickmndev,"Lusaka, Zambia"
Deewiliams,Desireirankundawilli,DesireIrankund7,"Africa,Zambia"
engineervix,@torchbox,engineervix,"Lusaka, Zambia"
Euphemia1,Student,,"Ndola, Copper belt Zambia."
lwandokasuba,Think Zambia,lwandokas,"Kitwe, Zambia"
Chuma04,Pistis Foundation Limited |<br/>Zambezi<br/>Digital<br/>|<br/>Kuala<br/>Tech<br/>,,"Lusaka, Zambia & Ndola, Zambia"
fderyckel,No Company,,"Lusaka, Zambia"
madlabs-ally,@melospot,,Zambia
Serge-N,Freelancer,,"Lusaka, Zambia"
barthkapepula,No Company,,Zambia
cacious7,@connexcs,,"Lusaka, Zambia"
genthegreat,@adsonads,princekwesi7,Zambia
mrfr8nk,Synapex Cop,mrfr4nkofc,"Zimbabwe, Harare"
mhodieknowledge,No Company,,"Bulawayo, Zimbabwe"
eisax,Eisax Software Services,,Zimbabwe
KumaloWilson,@kingsmansoftwareser,KumaloWilson,Bulawayo Zimbabwe
CyprianTinasheAarons,Freelancer,CyprianAarons,Zimbabwe
Tadiwr,@codaptdev,tadiwrr,Zimbabwe
xeroxzen,"Vectra Dynamics, Optimeer Labs,<br/>Emzini<br/>Wecode,<br/>Zimworx<br/>",andilejaden,Zimbabwe
Patizy-tel,Flostec Digital Solutions,PatizyTel,Zimbabwe
codewithkin,Groundupmvp,codewithkin,"Mutare, Zimbabwe"
XJ76,@wyv-inc,,Harare
emarss,Eyetro Digital,emarss04,"Harare, Zimbabwe"
iamngoni,Codecraft Solutions,iamngoni,Harare
tendaikatsande,Konekta Solutions,,Zimbabwe
TanyaMushonga,@cypher-solutions,,bulawayo
fariraimasocha,Codecrafters,fariraijames,Harare
skyridertk,No Company,skyridertk,"Harare, Zimbabwe"
VincentMugondora,Uncommon.org,,"Mufakose, Harare, Zimbabwe"
PraiseTechzw,Appixia Softwares,,Zimbabwe
protendai,@code-stallion-zw,karumatendai,Harare Zimbabwe
couragemhute,Petalm Africa Group,coat,Harare