gh_username,location
ikeorizu,Nigeria
chibie,Nigeria
Bulalu,Tanzania
AvicennaJr,Kenya
iamnotstatic,Nigeria
njokuscript,Nigeria
iChristwin,Nigeria
mclintprojects,Ghana
ipatka,United States
Dave-Nandwa,Kenya
jovells,Ghana
Ericiikagz,
iammadab,Nigeria
likemdzokoto,
ndeto,
mohamedjahazi,
ginika-chinonso,Nigeria
developeruche,
KingzRex,
LoganX22,
joshDamian,
pogakuofie,
abdoulrasheed,
Joy-Adah,
wanoh,
Godspower-Eze,Kenya
Ifechukwudaniel,
dprof-in-tech,
nuex001,
ashrafstakala,South Africa
arepadeperemi,
xtian4zy,
Jam516,United States
iamendy,
davidpius95,
Taombawkry,Zambia
scripttie,
BukiOffor,
KingDavid360,
KizitoNaanma,
nerdjango,
bolarinwaodupe,
AnthonyLimo,
codemathics,
staa99,
atanda1,
citguru,
amycruz97,
jelilat,Nigeria
akinmail,
preciousnwaoha,
adamsdavee,
AbalaKparobo,Nigeria
lancenonce,United States
surfiniaburger,
Mindsetter,
haroldsphinx,
TheGodOfAwesome,
mfalm3,
CalebKiragu,Kenya
0xMgwan,Tanzania
mxsafiri,Tanzania
0xknxwledge,United States
joseph-njogu,Kenya
SabaliDev,Kenya
KcPele,Nigeria
faytey,Nigeria
Divine572,Nigeria
PhantomOz,Nigeria
moochieng,Kenya
alexnjoya,Ghana
dmutinda,Kenya
JovanMwesigwa,Uganda
Reypak,Uganda
eliashezron,Uganda
afrokayie,Nigeria
dnzengou,Rwanda
EmmanuelAmodu,Canada
Twist96,Nigeria
griffins,Kenya
thomasmelak,Ethiopia
girumgizachew1,Ethiopia
andytudhope,South Africa
OsuwoJr,Kenya
Darlington02,Nigeria
codeWhizperer,Nigeria
leakeyqq,Kenya
masterchiefff,Kenya
SinachPat,Nigeria
onyelaUdochukwuka,Nigeria
JosephThuku,Kenya
Mtsumi,Kenya
folajindayo,Nigeria
sogobanwo,Nigeria
DADADAVE80,Nigeria
oluchicharity,Nigeria
kootie,Kenya
OkoliEvans,Nigeria
keeganwhite,South Africa
mozartatplay,South Africa
DenhamPreen,South Africa
kamikazechaser,Kenya
JasoonS,South Africa
JonoPrest,South Africa
paulelisha,Nigeria
dicethedev,Nigeria
RealLumala,Uganda
cap-blurr,Nigeria
manu-acho,Switzerland
pnoken,Ghana
alabo-excel,Nigeria
mwaz,Kenya
abdulmajeedsualihu,Ghana
abbeyseto,
Neocryptoquant,
mr-abims,
andrewkimjoseph,
EmanHerawy,Egypt
pattygeek,Nigeria
seunlanlege
cypriansakwa